"id","url"
"001","https://gameapart-config.s3.amazonaws.com/cc/pics/pexels-anete-lusina-5240424.jpg"
"014","https://gameapart-config.s3.amazonaws.com/cc/pics/pexels-gustavo-fring-4148890.jpg"
"023","https://gameapart-config.s3.amazonaws.com/cc/pics/pexels-tima-miroshnichenko-7047357.jpg"
"011","https://gameapart-config.s3.amazonaws.com/cc/pics/pexels-george-becker-134402.jpg"
"007","https://gameapart-config.s3.amazonaws.com/cc/pics/pexels-emmet-128421.jpg"
"010","https://gameapart-config.s3.amazonaws.com/cc/pics/pexels-fernando-lacerda-branco-12340129.jpg"
"038","https://gameapart-config.s3.amazonaws.com/cc/pics/pexels-nicholas-santasier-332153.jpg"
"028","https://gameapart-config.s3.amazonaws.com/cc/pics/pexels-yan-krukov-9071735.jpg"
"008","https://gameapart-config.s3.amazonaws.com/cc/pics/pexels-engin-akyurt-10892488.jpg"
"033","https://gameapart-config.s3.amazonaws.com/cc/pics/pexels-manish-yogi-745086.jpg"
"013","https://gameapart-config.s3.amazonaws.com/cc/pics/pexels-gratisography-4091.jpg"
"020","https://gameapart-config.s3.amazonaws.com/cc/pics/pexels-sami-anas-5642192.jpg"
"041","https://gameapart-config.s3.amazonaws.com/cc/pics/pexels-pixabay-57461.jpg"
"003","https://gameapart-config.s3.amazonaws.com/cc/pics/pexels-anthony-133387.jpg"
"009","https://gameapart-config.s3.amazonaws.com/cc/pics/pexels-eugene-capon-1261816.jpg"
"036","https://gameapart-config.s3.amazonaws.com/cc/pics/pexels-mentatdgt-1185433.jpg"
"015","https://gameapart-config.s3.amazonaws.com/cc/pics/pexels-pixabay-209620.jpg"
"022","https://gameapart-config.s3.amazonaws.com/cc/pics/pexels-tima-miroshnichenko-5698363.jpg"
"031","https://gameapart-config.s3.amazonaws.com/cc/pics/pexels-kue-lee-1093015.jpg"
"032","https://gameapart-config.s3.amazonaws.com/cc/pics/pexels-lisa-1438248.jpg"
"039","https://gameapart-config.s3.amazonaws.com/cc/pics/pexels-pixabay-33684.jpg"
"002","https://gameapart-config.s3.amazonaws.com/cc/pics/pexels-anna-shvets-4588428.jpg"
"026","https://gameapart-config.s3.amazonaws.com/cc/pics/pexels-vladimir-kudinov-5541665.jpg"
"017","https://gameapart-config.s3.amazonaws.com/cc/pics/pexels-pok-rie-1336185.jpg"
"029","https://gameapart-config.s3.amazonaws.com/cc/pics/pexels-julia-m-cameron-4144293.jpg"
"004","https://gameapart-config.s3.amazonaws.com/cc/pics/pexels-anurag-ganguly-789327.jpg"
"037","https://gameapart-config.s3.amazonaws.com/cc/pics/pexels-min-an-853168.jpg"
"005","https://gameapart-config.s3.amazonaws.com/cc/pics/pexels-cottonbro-3951623.jpg"
"021","https://gameapart-config.s3.amazonaws.com/cc/pics/pexels-shonejai-1227497.jpg"
"016","https://gameapart-config.s3.amazonaws.com/cc/pics/pexels-pixabay-415999.jpg"
"027","https://gameapart-config.s3.amazonaws.com/cc/pics/pexels-willian-oliveira-2419577.jpg"
"042","https://gameapart-config.s3.amazonaws.com/cc/pics/pexels-pixabay-60588.jpg"
"040","https://gameapart-config.s3.amazonaws.com/cc/pics/pexels-pixabay-40860.jpg"
"012","https://gameapart-config.s3.amazonaws.com/cc/pics/pexels-gratisography-2371.jpg"
"035","https://gameapart-config.s3.amazonaws.com/cc/pics/pexels-mark-glancy-1564506.jpg"
"030","https://gameapart-config.s3.amazonaws.com/cc/pics/pexels-julissa-helmuth-4381480.jpg"
"006","https://gameapart-config.s3.amazonaws.com/cc/pics/pexels-daan-stevens-939331.jpg"
"024","https://gameapart-config.s3.amazonaws.com/cc/pics/pexels-tom-fisk-1732278.jpg"
"043","https://gameapart-config.s3.amazonaws.com/cc/pics/pexels-pixabay-209037.jpg"
"025","https://gameapart-config.s3.amazonaws.com/cc/pics/pexels-vishnudeep-dixit-1260803.jpg"
"018","https://gameapart-config.s3.amazonaws.com/cc/pics/pexels-roberto-nickson-7238759.jpg"
"034","https://gameapart-config.s3.amazonaws.com/cc/pics/pexels-marina-chocobar-7823031.jpg"
"019","https://gameapart-config.s3.amazonaws.com/cc/pics/pexels-ryutaro-tsukata-5745357.jpg"