"id","word"
"228","Flute"
"328","Knife"
"475","Pudding"
"566","Sorcerer"
"001","Acid"
"014","Amish"
"141","Contract"
"468","Prejudice"
"207","Fairy"
"608","Taco"
"597","Succulent"
"195","Egypt"
"467","Pregnancy"
"093","Cappuccino"
"357","Lumberjack"
"086","Calf"
"023","Astronaut"
"120","Chisel"
"440","Phoenix"
"675","War"
"420","Paint"
"231","Foot"
"168","Demon"
"011","Almond"
"493","Restaurant"
"365","Manhattan "
"007","Airport"
"061","Bomb"
"058","Blast"
"103","Cat"
"242","Fruit"
"102","Cassette"
"046","Beach"
"204","Evidence"
"290","Horoscope"
"466","Predator"
"387","Money"
"307","Jack"
"279","Hedgehog"
"065","Boss"
"351","Lip"
"257","Goal"
"642","Trouble"
"010","Allergy"
"280","Helicopter"
"038","Barbecue"
"298","Husband"
"096","Career"
"167","Decision"
"147","Cousin"